"2024-03-25 12:00:47.448","STARTUP","","","","",""
"2024-03-25 12:12:15.551","TX0","","","{scode=null, partner=SPARROW}","172.18.0.7",""
"2024-03-25 12:12:22.469","TX0","","","{scode=null, partner=SPARROW}","172.18.0.6",""
"2024-03-25 12:12:22.473","TX0","","","{scode=null, partner=SPARROW}","172.18.0.6",""
"2024-03-25 12:12:22.495","TX0","","","{scode=null, partner=SPARROW}","172.18.0.6",""
"2024-03-25 12:12:28.121","TX0","","","{scode=null, partner=SPARROW}","172.18.0.7",""
"2024-03-25 12:12:35.664","TX0","","","{scode=null, partner=SPARROW}","172.18.0.6",""
"2024-03-25 12:12:39.001","TX0","","","{scode=null, partner=SPARROW}","172.18.0.5",""
"2024-03-25 12:12:39.002","TX0","","","{scode=null, partner=SPARROW}","172.18.0.5",""
"2024-03-25 12:12:39.052","TX0","","","{scode=null, partner=SPARROW}","172.18.0.5",""
"2024-03-25 12:12:53.376","TX0","","","{scode=null, partner=SPARROW}","172.18.0.5",""
"2024-03-25 12:29:37.085","REGISTER_INPUT","0.00003btc","fefa546831f8eae4fab0e7db114102768f4aaae010bfce7adf0151f39f450ae6:3","{confs=1, value=3510}","172.18.0.5","{u=60bec45789094b4fafbcd749bd838f7a}"
"2024-03-25 12:29:40.546","REGISTER_INPUT","0.00003btc","a07b132f9d13c7e3d8c9b5b8ce16a0181d6ed83273f447cb059f95bf2728dce6:4","{confs=1, value=3510}","172.18.0.7","{u=521fa91129f54c588c4249bacebb02ac}"
"2024-03-25 12:29:41.231","REGISTER_INPUT","0.00003btc","36623843538c6e25068cdc0b6a79cb9bb704172bbbb549c3b1b136fbb474529c:4","{confs=1, value=3510}","172.18.0.6","{u=832140f1d8474dee92285d5bcc0ce8f9}"
"2024-03-25 12:29:44.552","CONFIRM_INPUT","0.00003btc","a07b132f9d13c7e3d8c9b5b8ce16a0181d6ed83273f447cb059f95bf2728dce6:4","{confs=1, value=3510}","172.18.0.7","{u=521fa91129f54c588c4249bacebb02ac, uh=c3883a6546796cf397e8ddf8ae380720b411ccd65bf89ec8c6c9a593847339be}"
"2024-03-25 12:29:46.567","CONFIRM_INPUT:ERROR","","","{error=Confirming input not found: username=832140f1d8474dee92285d5bcc0ce8f9}","172.18.0.6","{u=832140f1d8474dee92285d5bcc0ce8f9}"
"2024-03-25 12:29:46.69","DISCONNECT","0.00003btc","36623843538c6e25068cdc0b6a79cb9bb704172bbbb549c3b1b136fbb474529c:4","{confs=1, value=3510}","172.18.0.6","{u=832140f1d8474dee92285d5bcc0ce8f9}"
"2024-03-25 12:29:46.744","REGISTER_OUTPUT","0.00003btc","","","172.18.0.7",""
"2024-03-25 12:29:46.817","REGISTER_OUTPUT","0.00003btc","","","172.18.0.5",""
"2024-03-25 12:29:51.386","REGISTER_INPUT","0.00003btc","fefa546831f8eae4fab0e7db114102768f4aaae010bfce7adf0151f39f450ae6:4","{confs=2, value=3510}","172.18.0.5","{u=a64164b86f8f45c19b0d2f78a09f042e}"
"2024-03-25 12:29:55.112","REGISTER_INPUT","0.00003btc","a07b132f9d13c7e3d8c9b5b8ce16a0181d6ed83273f447cb059f95bf2728dce6:3","{confs=2, value=3510}","172.18.0.7","{u=581e268d611f46cd88a338c476e654e0}"
"2024-03-25 12:29:55.22","CONFIRM_INPUT","0.00003btc","fefa546831f8eae4fab0e7db114102768f4aaae010bfce7adf0151f39f450ae6:4","{confs=2, value=3510}","172.18.0.5","{u=a64164b86f8f45c19b0d2f78a09f042e, uh=1cd2c1371cf73f4a267b7a04fff75cb82cbfd30cc9ed4d8c1229b715a93a57e7}"
"2024-03-25 12:29:55.648","REGISTER_INPUT","0.00003btc","36623843538c6e25068cdc0b6a79cb9bb704172bbbb549c3b1b136fbb474529c:5","{confs=2, value=3510}","172.18.0.6","{u=f0773c835964489da5bb96677c4f93bd}"
"2024-03-25 12:29:57.229","CONFIRM_INPUT","0.00003btc","a07b132f9d13c7e3d8c9b5b8ce16a0181d6ed83273f447cb059f95bf2728dce6:3","{confs=2, value=3510}","172.18.0.7","{u=581e268d611f46cd88a338c476e654e0, uh=285f8eb1dd50ea83bec31f9a2fe5170b7efd859b217ca3b7bcfcd5fa77c6d565}"
"2024-03-25 12:29:59.247","CONFIRM_INPUT:ERROR","","","{error=Confirming input not found: username=f0773c835964489da5bb96677c4f93bd}","172.18.0.6","{u=f0773c835964489da5bb96677c4f93bd}"
"2024-03-25 12:29:59.3","DISCONNECT","0.00003btc","36623843538c6e25068cdc0b6a79cb9bb704172bbbb549c3b1b136fbb474529c:5","{confs=2, value=3510}","172.18.0.6","{u=f0773c835964489da5bb96677c4f93bd}"
"2024-03-25 12:29:59.335","REGISTER_OUTPUT","0.00003btc","","","172.18.0.5",""
"2024-03-25 12:29:59.432","REGISTER_OUTPUT","0.00003btc","","","172.18.0.7",""
"2024-03-25 12:30:20.817","REGISTER_INPUT","0.00003btc","fefa546831f8eae4fab0e7db114102768f4aaae010bfce7adf0151f39f450ae6:6","{confs=2, value=3510}","172.18.0.5","{u=58903b02d6284c1d8ea7e44300f30bca}"
"2024-03-25 12:30:23.835","CONFIRM_INPUT","0.00003btc","fefa546831f8eae4fab0e7db114102768f4aaae010bfce7adf0151f39f450ae6:6","{confs=2, value=3510}","172.18.0.5","{u=58903b02d6284c1d8ea7e44300f30bca, uh=4cbc0d1fb4e2eb629ac02d91d5ac25c82ef983bea4293e8ef2fe4ff1da1b32e1}"
"2024-03-25 12:30:25.665","REGISTER_INPUT","0.00003btc","36623843538c6e25068cdc0b6a79cb9bb704172bbbb549c3b1b136fbb474529c:4","{confs=2, value=3510}","172.18.0.6","{u=7928ea0a9ebd4c52baab70a4a56197e9}"
"2024-03-25 12:30:27.889","CONFIRM_INPUT","0.00003btc","36623843538c6e25068cdc0b6a79cb9bb704172bbbb549c3b1b136fbb474529c:4","{confs=2, value=3510}","172.18.0.6","{u=7928ea0a9ebd4c52baab70a4a56197e9, uh=27398623d051e54ccf418aac0f9fe8e9b2a38037355a62eb52dc50ee7e8f3e80}"
"2024-03-25 12:30:29.882","REGISTER_OUTPUT","0.00003btc","","","172.18.0.6",""
"2024-03-25 12:30:30.06","REGISTER_OUTPUT","0.00003btc","","","172.18.0.5",""
"2024-03-25 12:30:50.835","REGISTER_INPUT","0.00003btc","fefa546831f8eae4fab0e7db114102768f4aaae010bfce7adf0151f39f450ae6:5","{confs=2, value=3510}","172.18.0.5","{u=96e8d707aa834ec6a6ccf4d9155eb443}"
"2024-03-25 12:30:54.617","CONFIRM_INPUT","0.00003btc","fefa546831f8eae4fab0e7db114102768f4aaae010bfce7adf0151f39f450ae6:5","{confs=2, value=3510}","172.18.0.5","{u=96e8d707aa834ec6a6ccf4d9155eb443, uh=bd8bf983c9ff1279bbeabc1a8d71da64799d4adecba4b82db4bd81ce02e8c364}"
"2024-03-25 12:30:55.642","REGISTER_INPUT","0.00003btc","36623843538c6e25068cdc0b6a79cb9bb704172bbbb549c3b1b136fbb474529c:3","{confs=2, value=3510}","172.18.0.6","{u=cafe4452996947b4b02bab282a231a0f}"
"2024-03-25 12:30:58.627","CONFIRM_INPUT","0.00003btc","36623843538c6e25068cdc0b6a79cb9bb704172bbbb549c3b1b136fbb474529c:3","{confs=2, value=3510}","172.18.0.6","{u=cafe4452996947b4b02bab282a231a0f, uh=d712854e1e97cbd7a15a5e399f14d0b9eb05a32cb742c1d4a6df27a5a94f7678}"
"2024-03-25 12:31:00.633","REGISTER_OUTPUT","0.00003btc","","","172.18.0.5",""
"2024-03-25 12:31:00.661","REGISTER_OUTPUT","0.00003btc","","","172.18.0.6",""
"2024-03-25 12:31:20.832","REGISTER_INPUT","0.00003btc","fefa546831f8eae4fab0e7db114102768f4aaae010bfce7adf0151f39f450ae6:7","{confs=2, value=3510}","172.18.0.5","{u=9df576c16a8d43f7abced7bffccf8ce9}"
"2024-03-25 12:31:23.588","CONFIRM_INPUT","0.00003btc","fefa546831f8eae4fab0e7db114102768f4aaae010bfce7adf0151f39f450ae6:7","{confs=2, value=3510}","172.18.0.5","{u=9df576c16a8d43f7abced7bffccf8ce9, uh=6f1f11c3aa799f66ca1da9aefe482b2041bb9f40a0e689c1d9215be5fafbd0a8}"
"2024-03-25 12:34:00.739","REGISTER_INPUT","0.00003btc","84ea367aabd3685e42c4f9af07744abc340cc87ed1721ca3154eb4bc71012774:0","{confs=1, value=3000}","172.18.0.5","{u=2c0cd72858794789a6bc5d14735db935}"
"2024-03-25 12:34:01.31","REGISTER_INPUT","0.00003btc","a184843d765b5eea4ab6a88e9bc198cf1fe86209f10bb64616b43843914af5da:0","{confs=1, value=3000}","172.18.0.7","{u=4375afc0f93f47c2a2c477d66305775a}"
"2024-03-25 12:34:06.008","REGISTER_INPUT","0.00003btc","36623843538c6e25068cdc0b6a79cb9bb704172bbbb549c3b1b136fbb474529c:5","{confs=3, value=3510}","172.18.0.6","{u=93c450ea9bfa4419a8199f1e5459c6ac}"
"2024-03-25 12:34:09.742","CONFIRM_INPUT","0.00003btc","36623843538c6e25068cdc0b6a79cb9bb704172bbbb549c3b1b136fbb474529c:5","{confs=3, value=3510}","172.18.0.6","{u=93c450ea9bfa4419a8199f1e5459c6ac, uh=d3e7d551b5bc111308fa8bb465c6f63bca4aa03d452b4e12c22b4c04ca2c1c9a}"
"2024-03-25 12:34:11.743","REGISTER_OUTPUT","0.00003btc","","","172.18.0.6",""
"2024-03-25 12:34:11.802","REGISTER_OUTPUT","0.00003btc","","","172.18.0.5",""
"2024-03-25 12:35:48.452","DISCONNECT","0.00003btc","84ea367aabd3685e42c4f9af07744abc340cc87ed1721ca3154eb4bc71012774:0","{confs=1, value=3000}","172.18.0.5","{u=2c0cd72858794789a6bc5d14735db935}"
"2024-03-25 12:35:48.515","DISCONNECT","0.00003btc","a184843d765b5eea4ab6a88e9bc198cf1fe86209f10bb64616b43843914af5da:0","{confs=1, value=3000}","172.18.0.7","{u=4375afc0f93f47c2a2c477d66305775a}"
"2024-03-25 12:36:02.117","STARTUP","","","","",""
"2024-03-25 12:36:04.075","REGISTER_INPUT","0.00003btc","a184843d765b5eea4ab6a88e9bc198cf1fe86209f10bb64616b43843914af5da:0","{confs=1, value=3000}","172.18.0.7","{u=5edf538b8e724acb8a683f722f7f459d}"
"2024-03-25 12:36:07.282","CONFIRM_INPUT","0.00003btc","a184843d765b5eea4ab6a88e9bc198cf1fe86209f10bb64616b43843914af5da:0","{confs=1, value=3000}","172.18.0.7","{u=5edf538b8e724acb8a683f722f7f459d, uh=fe91e97c135b85b70c01f286d124ece1c54066ebce5b6a8fad394c9bd78c7c99}"
"2024-03-25 12:37:25.837","REGISTER_INPUT","0.00003btc","84ea367aabd3685e42c4f9af07744abc340cc87ed1721ca3154eb4bc71012774:0","{confs=2, value=3000}","172.18.0.5","{u=60c9e558dac64181aa820547b88aee48}"
"2024-03-25 12:37:29.333","CONFIRM_INPUT","0.00003btc","84ea367aabd3685e42c4f9af07744abc340cc87ed1721ca3154eb4bc71012774:0","{confs=2, value=3000}","172.18.0.5","{u=60c9e558dac64181aa820547b88aee48, uh=1471db0f061a240a1ab9f866a6d60ec81d6f290b37ec3c1b0e9d9679336e62bd}"
"2024-03-25 12:37:57.579","REGISTER_INPUT","0.00003btc","9411ee47e575bbe4c868bb1f8edadc7a507f66574cb2f77b71892ba4dbc622be:1","{confs=2, value=3000}","172.18.0.6","{u=22188630c184432ca098e457115f9d96}"
"2024-03-25 12:38:00.975","CONFIRM_INPUT","0.00003btc","9411ee47e575bbe4c868bb1f8edadc7a507f66574cb2f77b71892ba4dbc622be:1","{confs=2, value=3000}","172.18.0.6","{u=22188630c184432ca098e457115f9d96, uh=d60d90e5f45d6e56ba22aea0d2f112768177b8e6e6e50be83fb3d727ffe295a9}"
"2024-03-25 12:44:15.944","TX0","","","{scode=null, partner=SPARROW}","172.18.0.8",""
"2024-03-25 12:44:21.279","TX0","","","{scode=null, partner=SPARROW}","172.18.0.9",""
"2024-03-25 12:44:21.309","TX0","","","{scode=null, partner=SPARROW}","172.18.0.9",""
"2024-03-25 12:44:21.376","TX0","","","{scode=null, partner=SPARROW}","172.18.0.9",""
"2024-03-25 12:44:29.628","TX0","","","{scode=null, partner=SPARROW}","172.18.0.8",""
"2024-03-25 12:44:35.045","TX0","","","{scode=null, partner=SPARROW}","172.18.0.9",""
"2024-03-25 12:51:38.572","REGISTER_INPUT","0.00003btc","09a7bd8a995f69cd9bdcc6e04b59dcc76efd7ec63ef0083d5a8f1175f9d8ab29:3","{confs=1, value=3605}","172.18.0.9","{u=5757cadf49334a03ae59952a808197f8}"
"2024-03-25 12:51:38.68","REGISTER_INPUT","0.00003btc","5c080c0e5104adb4468a2683ad396eafaa6c01ac2d66af7a8bb4e8bbfb4c5689:3","{confs=1, value=3605}","172.18.0.8","{u=675e5e6ef0e3400f980a483c7eacb7fe}"
"2024-03-25 12:51:43.318","CONFIRM_INPUT","0.00003btc","5c080c0e5104adb4468a2683ad396eafaa6c01ac2d66af7a8bb4e8bbfb4c5689:3","{confs=1, value=3605}","172.18.0.8","{u=675e5e6ef0e3400f980a483c7eacb7fe, uh=ea120222e4ae8f44ed94b13e48ff432ef926768d55c8bf87f9b2ca928ef6f563}"
"2024-03-25 12:51:43.346","CONFIRM_INPUT","0.00003btc","09a7bd8a995f69cd9bdcc6e04b59dcc76efd7ec63ef0083d5a8f1175f9d8ab29:3","{confs=1, value=3605}","172.18.0.9","{u=5757cadf49334a03ae59952a808197f8, uh=e69e652647ea3ed26740b94c2db8e4092f16ba8b629df6252e7bc6a2082062c9}"
"2024-03-25 12:51:46.839","REGISTER_OUTPUT","0.00003btc","","","172.18.0.7",""
"2024-03-25 12:51:47.025","REGISTER_OUTPUT","0.00003btc","","","172.18.0.9",""
"2024-03-25 12:51:47.073","REGISTER_OUTPUT","0.00003btc","","","172.18.0.6",""
"2024-03-25 12:51:47.412","REGISTER_OUTPUT","0.00003btc","","","172.18.0.8",""
"2024-03-25 12:51:48.277","REGISTER_OUTPUT","0.00003btc","","","172.18.0.5",""
"2024-03-25 12:51:51.958","REGISTER_INPUT","0.00003btc","42150fe48c014672e6f4450b452f118ae17adb4662930e4e0d1fd4d4e410a3e8:1","{confs=4, value=3000}","172.18.0.6","{u=31ce017bc4dd46dc9f5a1ab396d89016}"
"2024-03-25 12:51:52.347","REGISTER_INPUT","0.00003btc","a184843d765b5eea4ab6a88e9bc198cf1fe86209f10bb64616b43843914af5da:1","{confs=5, value=3000}","172.18.0.5","{u=e7dc14ad8078410187ff8a5f96dee836}"
"2024-03-25 12:51:52.523","REGISTER_INPUT","0.00003btc","3e4dab209f095a5a4f33d692903b3ce7880e20291e30b29afadaa4de2d9c2900:1","{confs=5, value=3000}","172.18.0.7","{u=f78f56473ee84d7d816548c3d61a8c05}"
"2024-03-25 12:51:54.657","CONFIRM_INPUT","0.00003btc","42150fe48c014672e6f4450b452f118ae17adb4662930e4e0d1fd4d4e410a3e8:1","{confs=4, value=3000}","172.18.0.6","{u=31ce017bc4dd46dc9f5a1ab396d89016, uh=60c3b5cb4dfac9bc43e6adba32a08d29323be5ad5a86c86d5da0c03aee47f8cb}"
"2024-03-25 12:51:54.75","CONFIRM_INPUT","0.00003btc","a184843d765b5eea4ab6a88e9bc198cf1fe86209f10bb64616b43843914af5da:1","{confs=5, value=3000}","172.18.0.5","{u=e7dc14ad8078410187ff8a5f96dee836, uh=3675acbee564653e29f91d63f2df7f76e699c46199ffa5b682bc4f82088794a9}"
"2024-03-25 12:51:56.637","CONFIRM_INPUT","0.00003btc","3e4dab209f095a5a4f33d692903b3ce7880e20291e30b29afadaa4de2d9c2900:1","{confs=5, value=3000}","172.18.0.7","{u=f78f56473ee84d7d816548c3d61a8c05, uh=eb3a634ab54e2725d56daba9d97c27978e4cd7be856fa5761baab76208035d1f}"
"2024-03-25 12:52:07.888","REGISTER_INPUT","0.00003btc","09a7bd8a995f69cd9bdcc6e04b59dcc76efd7ec63ef0083d5a8f1175f9d8ab29:6","{confs=1, value=3605}","172.18.0.9","{u=f3d2fbab83cc4337b09fec54366e80b4}"
"2024-03-25 12:52:08.088","REGISTER_INPUT","0.00003btc","5c080c0e5104adb4468a2683ad396eafaa6c01ac2d66af7a8bb4e8bbfb4c5689:4","{confs=1, value=3605}","172.18.0.8","{u=11feab74a44346ec86cb66dc43d3cc67}"
"2024-03-25 12:52:10.922","CONFIRM_INPUT","0.00003btc","5c080c0e5104adb4468a2683ad396eafaa6c01ac2d66af7a8bb4e8bbfb4c5689:4","{confs=1, value=3605}","172.18.0.8","{u=11feab74a44346ec86cb66dc43d3cc67, uh=46d9aea7c616ddd729de7f24456574f2810465b98b147129fd9801e614f92562}"
"2024-03-25 12:52:11.228","CONFIRM_INPUT","0.00003btc","09a7bd8a995f69cd9bdcc6e04b59dcc76efd7ec63ef0083d5a8f1175f9d8ab29:6","{confs=1, value=3605}","172.18.0.9","{u=f3d2fbab83cc4337b09fec54366e80b4, uh=dfb47f65c1f20923b01572245a9cc080c755ac14d6a5683e3d831c65612cb504}"
"2024-03-25 12:52:13.31","REGISTER_OUTPUT","0.00003btc","","","172.18.0.7",""
"2024-03-25 12:52:13.451","REGISTER_OUTPUT","0.00003btc","","","172.18.0.8",""
"2024-03-25 12:52:13.891","REGISTER_OUTPUT","0.00003btc","","","172.18.0.5",""
"2024-03-25 12:52:14.753","REGISTER_OUTPUT","0.00003btc","","","172.18.0.9",""
"2024-03-25 12:52:15.464","REGISTER_OUTPUT","0.00003btc","","","172.18.0.6",""
"2024-03-25 12:52:20.512","REGISTER_INPUT","0.00003btc","84ea367aabd3685e42c4f9af07744abc340cc87ed1721ca3154eb4bc71012774:1","{confs=5, value=3000}","172.18.0.6","{u=0e97d44e2eeb4d4bbdd56d9c73395312}"
"2024-03-25 12:52:20.906","REGISTER_INPUT","0.00003btc","42150fe48c014672e6f4450b452f118ae17adb4662930e4e0d1fd4d4e410a3e8:0","{confs=4, value=3000}","172.18.0.5","{u=2c17794de3d64425978eeca878432a79}"
"2024-03-25 12:52:23.146","CONFIRM_INPUT","0.00003btc","84ea367aabd3685e42c4f9af07744abc340cc87ed1721ca3154eb4bc71012774:1","{confs=5, value=3000}","172.18.0.6","{u=0e97d44e2eeb4d4bbdd56d9c73395312, uh=702274af3d627ee203fae44c83bc50b6cc87e34f0baab951b2ae21a676759314}"
"2024-03-25 12:52:24.909","CONFIRM_INPUT","0.00003btc","42150fe48c014672e6f4450b452f118ae17adb4662930e4e0d1fd4d4e410a3e8:0","{confs=4, value=3000}","172.18.0.5","{u=2c17794de3d64425978eeca878432a79, uh=45cf5c15eb6ea50cef73b9e85d0bc8891c61877a305db15449d35ccc002d9850}"
"2024-03-25 12:52:36.791","REGISTER_INPUT","0.00003btc","09a7bd8a995f69cd9bdcc6e04b59dcc76efd7ec63ef0083d5a8f1175f9d8ab29:5","{confs=1, value=3605}","172.18.0.9","{u=f468912ab1b94a5d93f56894411a5d4a}"
"2024-03-25 12:52:39.094","CONFIRM_INPUT","0.00003btc","09a7bd8a995f69cd9bdcc6e04b59dcc76efd7ec63ef0083d5a8f1175f9d8ab29:5","{confs=1, value=3605}","172.18.0.9","{u=f468912ab1b94a5d93f56894411a5d4a, uh=b817f298a9d191a037386efdf26c34f369c109753a28d2f37017c0751a6c3bc7}"
"2024-03-25 12:53:36.951","REGISTER_INPUT","0.00003btc","3074012cef3b7ad0d281af4abf602ea60d7fa32cb48c9d8b79010d26df281c85:2","{confs=1, value=3000}","172.18.0.7","{u=4e475d87cdb049338207084fb53bb70c}"
"2024-03-25 12:53:37.164","REGISTER_INPUT","0.00003btc","1629e50b1e48ccb077fdbe33bd6dd935e6bbfa6bc37ba768fe03df2ea041efc9:1","{confs=1, value=3000}","172.18.0.8","{u=1e6d9106653b4bcb9fe31667e84b3c86}"
"2024-03-25 12:53:39.22","CONFIRM_INPUT","0.00003btc","3074012cef3b7ad0d281af4abf602ea60d7fa32cb48c9d8b79010d26df281c85:2","{confs=1, value=3000}","172.18.0.7","{u=4e475d87cdb049338207084fb53bb70c, uh=89bb4a7ba45da03750b34449073edaff66dc0a21df6a84ccbaae94d423cd8131}"
"2024-03-25 12:53:41.152","CONFIRM_INPUT","0.00003btc","1629e50b1e48ccb077fdbe33bd6dd935e6bbfa6bc37ba768fe03df2ea041efc9:1","{confs=1, value=3000}","172.18.0.8","{u=1e6d9106653b4bcb9fe31667e84b3c86, uh=97da4601147eb6c1c87f52f5a8c74a2ef0136826ac163a76227af899d9d39f93}"
"2024-03-25 12:53:43.402","REGISTER_OUTPUT","0.00003btc","","","172.18.0.8",""
"2024-03-25 12:53:43.421","REGISTER_OUTPUT","0.00003btc","","","172.18.0.6",""
"2024-03-25 12:53:43.479","REGISTER_OUTPUT","0.00003btc","","","172.18.0.5",""
"2024-03-25 12:53:43.706","REGISTER_OUTPUT","0.00003btc","","","172.18.0.7",""
"2024-03-25 12:53:44.209","REGISTER_OUTPUT","0.00003btc","","","172.18.0.9",""
"2024-03-25 12:53:47.26","REGISTER_INPUT","0.00003btc","09a7bd8a995f69cd9bdcc6e04b59dcc76efd7ec63ef0083d5a8f1175f9d8ab29:4","{confs=2, value=3605}","172.18.0.9","{u=cd7a522c99bc4f4fbb3e207bc707b81d}"
"2024-03-25 12:53:47.35","REGISTER_INPUT","0.00003btc","3074012cef3b7ad0d281af4abf602ea60d7fa32cb48c9d8b79010d26df281c85:0","{confs=1, value=3000}","172.18.0.6","{u=482e0e95204c4b1e847409abedf20faf}"
"2024-03-25 12:53:47.429","REGISTER_INPUT","0.00003btc","9411ee47e575bbe4c868bb1f8edadc7a507f66574cb2f77b71892ba4dbc622be:0","{confs=6, value=3000}","172.18.0.5","{u=8d543c69cfe64ab49b3e7006d35668bc}"
"2024-03-25 12:53:50.382","CONFIRM_INPUT","0.00003btc","09a7bd8a995f69cd9bdcc6e04b59dcc76efd7ec63ef0083d5a8f1175f9d8ab29:4","{confs=2, value=3605}","172.18.0.9","{u=cd7a522c99bc4f4fbb3e207bc707b81d, uh=d75231ee430030e5c90d205bf43bdf8332c2a34ec884f0d57b43d60086054f8b}"
"2024-03-25 12:53:50.448","CONFIRM_INPUT","0.00003btc","9411ee47e575bbe4c868bb1f8edadc7a507f66574cb2f77b71892ba4dbc622be:0","{confs=6, value=3000}","172.18.0.5","{u=8d543c69cfe64ab49b3e7006d35668bc, uh=d5809417938afd802c4e33700febf8db0a0d16829a5e09877bc3c85c587a18b1}"
"2024-03-25 12:53:50.489","CONFIRM_INPUT","0.00003btc","3074012cef3b7ad0d281af4abf602ea60d7fa32cb48c9d8b79010d26df281c85:0","{confs=1, value=3000}","172.18.0.6","{u=482e0e95204c4b1e847409abedf20faf, uh=a67ff91983d50dca24c2f7dc11183f0cd058dd872a79c6e06c6540e40a34d730}"
"2024-03-25 12:54:07.121","REGISTER_INPUT","0.00003btc","1629e50b1e48ccb077fdbe33bd6dd935e6bbfa6bc37ba768fe03df2ea041efc9:4","{confs=1, value=3000}","172.18.0.7","{u=cb315a3a6b8c401db678523f6a2300f7}"
"2024-03-25 12:54:07.336","REGISTER_INPUT","0.00003btc","3074012cef3b7ad0d281af4abf602ea60d7fa32cb48c9d8b79010d26df281c85:4","{confs=1, value=3000}","172.18.0.8","{u=8d10f20050e84446bbbe2df86610a658}"
"2024-03-25 12:54:10.621","CONFIRM_INPUT","0.00003btc","1629e50b1e48ccb077fdbe33bd6dd935e6bbfa6bc37ba768fe03df2ea041efc9:4","{confs=1, value=3000}","172.18.0.7","{u=cb315a3a6b8c401db678523f6a2300f7, uh=435307324fe7108b2a551df1bf53df995d2d9bd7a82180e74ec60595162e50b5}"
"2024-03-25 13:19:09.998","REGISTER_INPUT","0.00003btc","09a7bd8a995f69cd9bdcc6e04b59dcc76efd7ec63ef0083d5a8f1175f9d8ab29:4","{confs=4, value=3605}","172.18.0.9","{u=371d0c318de449b0a8f28beec02ff37a}"
